code;hmcode;leistung
X0101;X0101;Massage (Teil-/Großmassage) auch Spezialmassagen  (Bindegewebs-, Reflexzonen-, Segment-, Periost-, Bürsten- und Colonmassagen)
X0102;X0102;Unterwasserdruckstrahlmassage
X0103;X0103;Spezialmassagen (Bindegewebs,- Reflexzonen-, Segment-, Periost-,Bürsten- und Colonmassagen)
X0104;X0104;Teilmassage
X0105;X0105;Spezialmassage
X0106;X0106;Klassische Massagetherapie (KMT)
X0107;X0107;Bindegewebsmassage (BGM)
X0108;X0108;Reflexzonen-, Segment-, Periost und Colonmassage
X0201;X0201;Großbehandlung
X0202;X0202;Ganzbehandlung
X0203;X0203;Ganzbehandlung mit komplexer Bewegungstherapie
X0204;X0204;Kompressionsbandagierung
X0205;X0205;Teilbehandlung
X0301;X0301;Bewegungsübungen/orth. Turnen
X0302;X0302;Atemgymnastik
X0303;X0303;Atem- und Kreislaufgymnastik
X0304;X0304;Atemgymnastik mit Massage
X0305;X0305;Bewegungsbad
X0306;X0306;Chirogymnastik einschl. Nachruhe
X0307;X0307;Bewegungsübungen im Schlingentisch
X0308;X0308;Übungsbehandlung einschl. begleit. Kältetherapie
X0401;X0401;Bewegungsübungen/orth. Turnen
X0402;X0402;Bewegungsbad bis 3 Pers.
X0403;X0403;Bewegungsbad bis 5 Pers.
X0404;X0404;Bewegungsbad bis 7 Pers.
X0405;X0405;Bewegungsbad 4 -5 Pers.
X0501;X0501;KG, auch Atemgymnastik, auch auf neurophysiologischer Grundlage
X0502;X0502;KG, auch Atemgymnastik einschl. erforderlicher Massage
X0503;X0503;KG, auch Atemgymnastik, auch auf neurophysiologischer Grundlage einschl. erforderl Massagen
X0504;X0504;Krankengymnastische Behandlung mit Eisanwendung einschl. erforderl. Massagen
X0505;X0505;Krankengymnastik (Kinder)
X0506;X0506;Krankengymnastische Behandlung mit Reizstrom
X0507;X0507;Gerätegestütze Krankengymnastik (KG- Gerät), parallele Einzelbehandlung bis zu 3 Patienten, je Patient
X0521;X0521;Allgemeine Krankengymnastik (KG) (auch auf neurophysiologischer Grundlage): Einzelbehandlung als telemedizinische Leistung (Regelbehandlungszeit 15 bis 25 Minuten)
X0601;X0601;KG, auch Atemtherapie, 2-5 Pers.
X0602;X0602;KG auf neurphysiol. Grundlage
X0603;X0603;KG Gruppe, 3-5 Pers.
X0604;X0604;KG bis 4 Pers.
X0605;X0605;KG bis 6 Pers.
X0606;X0606;KG, auch orthopädisches Turnen
X0607;X0607;Krankengymnastik (Kinder)
X0621;X0621;Allgemeine Krankengymnastik (KG) (auch auf neurophysiologischer Grundlage): Gruppenbehandlung (2 - 5 Patienten) als telemedizinische Leistung (Regelbehandlungszeit 20 bis 30 Minuten)
X0701;X0701;KG auf neurophysiol. Grdl., auch Athemth. bei cystischer Fibrose (Mucoviscidose)
X0702;X0702;KG auch Atemtherapie bei Mucoviscidose und schweren Bronchialerkrankungen, 60 Min.
X0703;X0703;KG bei zentralen Bewegungsstörungen (Kinderbehandlung)
X0704;X0704;KG bei zentralen Bewegungsstörungen (Erwachsenenhandlung)
X0705;X0705;Systematische sensomotorische Entwicklungs- u. Übungsbehandlung
X0706;X0706;Systematische sensomotorische Behandlung
X0707;X0707;Funktionelle Entwicklungstherapie
X0708;X0708;Krankengymnastik zur Behandlung von zentralen Bewegungsstörungen bis zur Vollendung des 18. Lebensjahres nach Bobath (KG-ZNS-Kinder nach Bobath)
X0709;X0709;Krankengymnastik zur Behandlung von zentralen Bewegungsstörungen bis zur Vollendung des 18. Lebensjahres nach Vojta (KG-ZNS-Kinder nach Vojta)
X0710;X0710;Krankengymnastik zur Behandlung von zentralen Bewegungsstörungen, nach Vollendung des 18. Lebensjahres, nach Bobath (KG-ZNS nach Bobath)
X0711;X0711;Krankengymnastik zur Behandlung von zentralen Bewegungsstörungen, nach Vollendung des 18. Lebensjahres, nach Vojta (KG-ZNS nach Vojta)
X0712;X0712;Krankengymnastik zur Behandlung von zentralen Bewegungsstörungen, nach Vollendung des 18. Lebensjahres, nach PNF (KG-ZNS nach PNF)
X0720;X0720;Krankengymnastik zur Behandlung von zentralen Bewegungsstörungen nach Vollendung des 18. Lebensjahres nach Bobath als Einzelbehandlung (KG-ZNS nach Bobath) als telemedizinische Leistung (Regelbehandlungszeit 25 bis 35 Minuten)
X0722;X0722;Krankengymnastik zur Behandlung schwerer Erkrankungen der Atmungsorgane (insbesondere bei Mukoviszidose oder bei Lungenerkrankungen, die der Mukoviszidose vergleichbare pulmonale Schädigungen aufweisen) - KG-Muko: Einzelbehandlung als telemedizinische Leistung (Regelbehandlungszeit 60 Minuten)
X0728;X0728;Krankengymnastik zur Behandlung von zentralen Bewegungsstörungen bis zur Vollendung des 18. Lebensjahres nach Bobath als Einzelbehandlung (KG-ZNS- Kinder nach Bobath) als telemedizinische Leistung (Regelbehandlungszeit 30 bis 45 Minuten)
X0801;X0801;KG bei Mucoviszidose und schweren Bronchialerkrankungen
X0802;X0802;KG, auch Atemtherapie bei Mucoviscidose
X0803;X0803;KG, auch Atemtherapie bei Mucoviscidose 2- 5 Personen
X0804;X0804;KG auf neurophys. Grdl., auch Atem-therapie bei cystischer Fibrose (Mucoviscidose)
X0805;X0805;KG bei zelebralen Dysfunktionen für Kinder bis 14 Jahre (2-4 Kinder)
X0806;X0806;KG bei Minimale Cerebrale Dysfunktion (MCD)/Psychomotorik
X0807;X0807;KG bei MCD/Psychomotorik 2-4 Kinder
X0808;X0808;KG bei MCD/Psychomotorik 3-5Kinder
X0809;X0809;KG bei MCD/Psychomotorik bis 6 Personen
X0810;X0810;KG in der Gruppe für Erwachsene und Kinder auf neurophysiologischer und funktionell vegetativer Grundlage (3 - 5 Personen)
X0811;X0811;Behandlung von sensomotorischen Wahrnehmungsstörungen (Kinder)
X0901;X0901;KG im Bewegungsbad
X0902;X0902;KG im Bewegungsbad einschl. Nachruhe
X1001;X1001;KG im Bewegungsbad 2-5 Personen
X1002;X1002;KG im Bewegungsbad 2-6 Personen
X1003;X1003;KG im Bewegungsbad bis 3 Personen
X1004;X1004;KG im Bewegungsbad bis 3 Pers ink. Nachruhe
X1005;X1005;KG im Bewegungsbad 4 bis 5 Personen incl. Nachruhe
X1101;X1101;Einfaches Gerät (Glissonschl.)
X1102;X1102;Großes Gerät (Schrägbrett)
X1103;X1103;Extensionsbehandlung im Schlingentisch
X1104;X1104;Traktionsbehandlung mit Gerät
X1201;X1201;Manuelle Therapie
X1202;X1202;Manuelle Therapie für Extremitäten
X1203;X1203;Manuelle Therapie für Wirbelsäule
X1204;X1204;Cyriax
X1221;X1221;Manuelle Therapie: Einzelbehandlung als telemedizinische Leistung (Regelbehandlungszeit 15 bis 25 Minuten)
X1301;X1301;Befunderhebung
X1302;X1302;Elektrobehandlung
X1303;X1303;Elektrobeh. bei Lähmungen
X1304;X1304;Reizstrombehandlung
X1305;X1305;Ultraschall
X1306;X1306;Ultraschall-Reizstrom- Kombinationsbehandlung
X1307;X1307;Kurzwelle-Diatherm - einstellig
X1308;X1308;Kurzwelle-Diatherm - mehrstellig
X1309;X1309;Elektrogymnastik
X1310;X1310;Zweizellenbad / Vierzellenbad
X1311;X1311;Vierzellenbad mit Ruhe
X1312;X1312;Hydroelektrisches Vollbad (z.B. Stangerbad)
X1313;X1313;Iontophorese
X1314;X1314;Hydroelektrisches Vollbad in Verbindung mit Unterwasserdruckstrahlmassage
X1315;X1315;Hydroelektrisches Vollbad mit Ruhe
X1401;X1401;Höhensonne
X1402;X1402;Farblicht (z. B.  Sollux, Vitalus, Hexamikron)
X1403;X1403;Quarzlampendruckbestrahlung eines Feldes
X1404;X1404;Quarzlampendruckbestrahlung mehrerer Felder
X1501;X1501;Warmpackungen einschl. Nachruhe
X1502;X1502;Warmpackungen ohne Nachruhe
X1503;X1503;Warmp. m. natürlichen Peloiden
X1504;X1504;Warmp. m. natürlichen Peloiden (Teilpackung)
X1505;X1505;Warmp. m. natürlichen Peloiden (Doppellpackung)
X1506;X1506;Parapack-Packungen
X1507;X1507;Parapack-Teil- u. Halbpackung
X1508;X1508;Warmp. mit Natur-Moor/-Fango
X1509;X1509;Naturmoor-Teilbad (Moorschlamm)
X1510;X1510;Naturmoor-Halbbad (Moorschlamm)
X1511;X1511;Naturmoor-Vollbad (Moorschlamm)
X1512;X1512;Moorextrakt-, Moorlauge-, Moorsalicylbad
X1513;X1513;Moorextraktsitzbad mit Ruhepackung
X1514;X1514;Moorjodbad
X1515;X1515;Moorschwefelbad
X1516;X1516;Fertigpackungen bzw. Kompressen
X1517;X1517;W. m. Glühlicht, Strahler, Heißluft
X1518;X1518;Lichtbügel
X1519;X1519;feuchte Umschläge bei Heißluft
X1520;X1520;Warmkompressen
X1521;X1521;Heublumensack
X1522;X1522;Eisbehandlung
X1523;X1523;Eisteilbad
X1524;X1524;Eisganzbad
X1525;X1525;Kaltpackungen
X1526;X1526;Trockenpackung
X1527;X1527;Kaltluft-/Kaltgastherapie je großes Gelenk
X1528;X1528;Heißluftraumbad
X1529;X1529;Naturmoor-Dreiviertelbad
X1530;X1530;Heiße Rolle
X1531;X1531;Ultraschall-Wärmetherapie
X1532;X1532;Vollbad mit Peloiden z. B. Fango, Schlick oder Moor
X1533;X1533;Teilbad mit Peloiden z. B. Fango, Schlick oder Moor
X1534;X1534;Kältetherapie bei einem oder mehreren Körperteil(en)
X1601;X1601;Teilbad
X1602;X1602;Sitzbad
X1603;X1603;Wechsel-Teilbad
X1604;X1604;Wechsel-Vollbad
X1605;X1605;An- und absteigendes Teilbad
X1606;X1606;An- und absteigendes Vollbad
X1607;X1607;Überwärmungsbad
X1608;X1608;Dampfdusche
X1609;X1609;Dampfdusche mit temp. Brause und Fußwanne mit warmen Wasser
X1610;X1610;Wechseldusche
X1611;X1611;Teilguß, Teilblitzguß
X1612;X1612;Vollguß, Vollblitzguß
X1613;X1613;Wechselteilguß
X1614;X1614;Wechselvollguß
X1615;X1615;Güsse (einschl. vorangegangenem warmen Fußbad)
X1616;X1616;Wassertreten
X1617;X1617;Wassertreten in Gruppen
X1618;X1618;Abklatschung, Abreibung
X1619;X1619;Schwitzpackungen
X1620;X1620;Wickel, Kompressen, Auflagen
X1621;X1621;Kalte Güsse
X1622;X1622;Wechselgüsse
X1623;X1623;Kalte Blitzgüsse
X1624;X1624;Wechsel-Blitzgüsse
X1701;X1701;Teilbad
X1702;X1702;Hauffsche Teilbäder
X1703;X1703;Sitzbad
X1704;X1704;Halbbad mit Zusatz
X1705;X1705;Vollbad
X1706;X1706;Med. Bad ohne Zusatz
X1707;X1707;Med. Vollbad mit Zusatz ohne Ruhe
X1708;X1708;Med. Vollbad mit Zusatz und Ruhe
X1709;X1709;Bürstenmassagebad
X1710;X1710;Gashaltiges Bad ohne Zusatz
X1711;X1711;Gashaltiges Bad mit Zusatz
X1712;X1712;Gashaltiges Bad mit Zusatz und Ruhe
X1713;X1713;Kohlensäuregasbad
X1714;X1714;Kohlensäurebad
X1715;X1715;Kohlensäurebad (2 kg natürliche Sole)
X1716;X1716;Kohlensäure-Stahlbad
X1717;X1717;Lohtanninbad
X1718;X1718;Sauerstoffbad
X1719;X1719;Schwefelbad
X1720;X1720;Zusätze
X1721;X1721;Subaquales Darmbad
X1722;X1722;Darmbad mit Ruhe
X1723;X1723;Darmbad (Gymnacolon, Widrig u.ä.)
X1724;X1724;Jod-Thermalsole-Wannenbad
X1725;X1725;Jod-, Jodschwefelbad
X1726;X1726;Kleiebad
X1727;X1727;Sodabad
X1728;X1728;Solbad
X1729;X1729;Sitzbad mit Solezusatz
X1730;X1730;Teerbad
X1731;X1731;Vollbad mit Peloiden (z. B. Fango, Schlick oder Moor)
X1732;X1732;Kohlensäuregasbad (CO2-Trockenbad) als Voll-, Dreiviertel- oder Halbbad
X1733;X1733;Kohlensäuregasbad (CO2-Trockenbad) als Teilbad
X1801;X1801;Einzelbehandlung
X1802;X1802;Rauminhalation
X1803;X1803;Einzelbehandlung mit Medikamentenzusatz
X1901;X1901;Unterweisung zur Geburtsvorbereitung
X1902;X1902;Schröpfen
X1903;X1903;Nachruhe
X1904;X1904;Wochenbettgymnastik bei Unterweisung in der Gruppe
X1905;X1905;Abschlag
X1906;X1906;Physiotherapeutischer Bericht auf besondere schriftliche Anforderung
X2001;X2001;D1
X2002;X2002;D2
X3001;X3001;Erstuntersuchungsgespräch
X3002;X3002;Logop. Erstuntersuchung
X3003;X3003;Logop. Status/Erstuntersuchung/ Befunderhebung
X3004;X3004;Logop. Status/Erstuntersuchung bei Aphasie/Dysarthrie
X3005;X3005;besprechen des logop. Status/ Befunderhebung
X3006;X3006;standardisierte Verfahren zur Erhebung des logop. Status
X3007;X3007;Testauswertung
X3008;X3008;Logop. Befunderhebung/logop. Status bei unklarer Genese
X3009;X3009;Kurzer logop. Status
X3010;X3010;Erstdiagnostik
X3011;X3011;Bedarfsdiagnostik
X3101;X3101;15 Minuten (Therapiezeit am Patienten)
X3102;X3102;30 Minuten (Therapiezeit mit dem Patienten)
X3103;X3103;45 Minuten (Therapiezeit mit dem Patienten)
X3104;X3104;60 Minuten (Therapiezeit mit dem Patienten)
X3105;X3105;mindestens 40 Minuten (Therapiezeit am Patienten)
X3106;X3106;mindestens 55 Minuten (Therapiezeit am Patienten)
X3107;X3107;mindestens 70 Minuten (Therapiezeit am Patienten)
X3108;X3108;45 Minuten
X3109;X3109;30 Minuten
X3110;X3110;elektromechanische Vibrationsmassage
X3111;X3111;60 Minuten
X3112;X3112;mindestens 25 Minuten (Therapiezeit am Patienten)
X3113;X3113;Elektrobehandlung
X3122;X3122;Einzeltherapie (telemedizinische Leistungserbringung) Regelbehandlungszeit: 30 Minuten
X3123;X3123;Einzeltherapie (telemedizinische Leistungserbringung) Regelbehandlungszeit: 45 Minuten
X3124;X3124;Einzeltherapie (telemedizinische Leistungserbringung) Regelbehandlungszeit: 60 Minuten
X3201;X3201;je Teilnehmer
X3202;X3202;maximal 3 Teilnehmer, je Teilnehmer
X3203;X3203;maximal 4 Teilnehmer, je Teilnehmer
X3204;X3204;maximal 5 Teilnehmer, je Teilnehmer
X3205;X3205;maximal 6 Teilnehmer, je Teilnehmer
X3206;X3206;für Stotterer, je Teilnehmer
X3207;X3207;Kinder, je Teilnehmer
X3208;X3208;Erwachsene, je Teilnehmer
X3209;X3209;Kinder, 2er Gruppe, mindestens 60 Minuten, je Gruppe
X3210;X3210;Kinder, 3er Gruppe, mindestens 60 Minuten, je Gruppe
X3211;X3211;Kinder, 4er Gruppe, mindestens 60 Minuten, je Gruppe
X3212;X3212;Erwachsene, 2er Gruppe, mindestens 90 Minuten, je Gruppe
X3213;X3213;Erwachsene, 3er Gruppe, mindestens 90 Minuten, je Gruppe
X3214;X3214;Erwachsene, 4er Gruppe, mindestens 90 Minuten, je Gruppe
X3215;X3215;je Teilnehmer bei Stimmstörungen
X3216;X3216;je Teilnehmer bei Sprech- u./o. Stimm- störungen
X3217;X3217;je Teilnehmer bei Stimmstörungen, mindestens 60 Minuten
X3218;X3218;je Teilnehmer bei Sprech- u./o. Sprach- störungen, mindestens 60 Minuten
X3219;X3219;30 Minuten Therapiezeit am Patienten (2 Teilnehmer), je Teilnehmer
X3220;X3220;45 Minuten Therapiezeit mit den Patienten (2 Teilnehmer), je Teilnehmer
X3221;X3221;60 Minuten Therapiezeit am Patienten (2 Teilnehmer), je Teilnehmer
X3222;X3222;Gruppe mit 3 – 5 Patienten (45 Minuten Therapiezeit mit den Patienten), je Teilnehmer
X3223;X3223;Zweiergruppe (90 Minuten Therapiezeit mit den Patienten), je Teilnehmer
X3224;X3224;Gruppe mit 3 – 5 Patienten (90 Minuten Therapiezeit mit den Patienten), je Teilnehmer
X3240;X3240;Gruppen-Therapie 2 Patientinnen und/oder Patienten, je Patientin oder Patient (telemedizinische Leistungserbringung) Regelbehandlungszeit: 45 Minuten
X3242;X3242;Gruppen-Therapie 3-5 Patientinnen und/oder Patienten, je Patientin oder Patient (telemedizinische Leistungserbringung) Regelbehandlungszeit: 45 Minuten
X3243;X3243;Gruppen-Therapie 2 Patientinnen und/oder Patienten, je Patientin oder Patient (telemedizinische Leistungserbringung) Regelbehandlungszeit: 90 Minuten
X3244;X3244;Gruppen-Therapie 3-5 Patientinnen und/oder Patienten, je Patientin oder Patient (telemedizinische Leistungserbringung) Regelbehandlungszeit: 90 Minuten
X3301;X3301;auf Anforderung der Krankenkasse
X3302;X3302;Verordnungsbericht
X3303;X3303;Bericht auf besondere Anforderung
X3401;X3401;Logop. Beratung u./o. logop. Anleitung der Bezugsperson
X4001;X4001;Befunderhebung
X4002;X4002;Funktionsanalyse und Anamnese
X4101;X4101;Einzelbehandlung (45 Minuten)
X4102;X4102;bei motorischen Störungen
X4103;X4103;bei sensomotorischen/perzeptiven Störungen
X4104;X4104;Ergoth. Hirnleistungstraining
X4105;X4105;bei psychischen Störungen
X4106;X4106;Einzelbehandlung (60 Minuten)
X4107;X4107;Bei motorisch-funktionellen Störungen (bis zu 3 Einheiten an einem Tag) bei Beratung zur Integration in das häusliche und soziale Umfeld
X4108;X4108;Bei sensomotorisch-perzeptiven Störungen (bis zu 3 Einheiten an einem Tag) bei Beratung zur Integration in das häusliche und soziale Umfeld im Rahmen eines Hausbesuchs
X4109;X4109;Bei psychisch-funktionellen Störungen (bis zu 2 Einheiten an einem Tag) bei Beratung zur Integration in das häusliche und soziale Umfeld im Rahmen eines Hausbesuchs
X4110;X4110;Bei psychisch-funktionellen Störungen (soweit verordnete zusammenhängende Einheiten als Belastungserprobung abgegeben werden)
X4111;X4111;Beratung zur Integration in das häusliche und soziale Umfeld
X4112;X4112;Bei ergotherapeutischem Hirnleistungstraining bei Beratung zur Integration in das häusliche und soziale Umfeld
X4201;X4201;60 Minuten, je Teilnehmer
X4202;X4202;3-5 Patienten, 45 Minuten, je Teilnehmer
X4203;X4203;bei psychischen Stör., 90 Minuten, je Teilnehmer
X4204;X4204;5-6 Patienten, 60 Minuten, je Teilnehmer
X4205;X4205;bei motorischen Störungen (2 Teilnehmer)
X4206;X4206;bei sensomotorischen/perzeptiven Störungen (2Teilnehmer)
X4207;X4207;Ergotherapeutisches Hirnleistungstraining (2 Teilnehmer)
X4208;X4208;bei psychischen Störungen (2 Teilnehmer)
X4209;X4209;Bei motorisch-funktionellen Störungen
X4210;X4210;Bei sensomotorisch-perzeptiven Störungen
X4211;X4211;Hirnleistungstraining
X4212;X4212;Bei psychisch-funktionellen Störungen
X4213;X4213;Bei psychisch-funktionellen Störungen (soweit verordnete zusammenhängende Einheiten als Belastungserprobung abgegeben werden)
X4301;X4301;Thermische Anwendung
X4401;X4401;Schiene, postoperativ
X4402;X4402;Schiene, temporär
X4403;X4403;Anfertigung/Anpassung
X4404;X4404;Materialkosten
X4405;X4405;Temporäre Schienen ohne Kostenvoranschlag
X4406;X4406;Temporäre Schienen nach Kostenvoranschlag
X4501;X4501;Anfertigung v. Hilfsmitteln/Adaptionen je Minute
X4502;X4502;Materialkosten
X6001;X6001;Kurmassage/Ganzmassage
X6002;X6002;Stäbchenmassage
X6003;X6003;Obstipationsmassage
X6004;X6004;Thorax-Klopfmassage
X6005;X6005;Unterwasserdruckstrahlmassage in Heilwasser
X6007;X6007;Unterwasserdruckstrahlmassage einschließlich hydroelek. Vollbad mit Ruhe
X6008;X6008;Teilmassage
X6009;X6009;Bindegewebs-/Periostmassage
X6010;X6010;Unterwasserdruckstrahlmassage in Heilwasser mit Bewegungsbad
X6011;X6011;Teilmassage mit Bewegungsübungen
X6012;X6012;Bürstenmassage inkl. Zutaten bzw. Seifenabreibung
X6013;X6013;Saugwellenmassage/Saugstiefel
X6014;X6014;Unterwasserdruckstrahlmassage (weniger als 600 l Wannenfassungsvermögen)
X6015;X6015;Syncardialmassage
X6016;X6016;Großmassage
X6017;X6017;Colonmassage
X6018;X6018;Unterwasserdruckstrahlmassage mit Gymnastik und Ruhe
X6101;X6101;Lymphdrainage G. Migräne
X6102;X6102;Teilbehandlung
X6201;X6201;Bewegungstherapie in Heilwasser (auch Meerwasser) im Bewegungsbad
X6202;X6202;Bewegungstherapie in Heilwasser (auch Meerwasser) in speziellen Therapiebecken
X6203;X6203;Heilgymnastik
X6204;X6204;Chirogymnastik
X6205;X6205;Orthopädisches Turnen mit Massage
X6206;X6206;Bewegungstherapie in Heilwasser (auch Meerwasser) mit Extension
X6006;X6006;Unterwasserdruckstrahlmassage in Heilwasser mit Ruhe
X6207;X6207;Bewegungstherapie in Heilwasser (auch Meerwasser) auf neurophysiologischer Grundlage
X6208;X6208;Bewegungstherapie in Heilwasser (auch Meerwasser) einschl. Trockengymnastik
X6209;X6209;Naturmoor-Bewegungsbad
X6210;X6210;Atemgymnastik
X6211;X6211;Krankengymnastik und Massage mit Eisbehandlung
X6212;X6212;Bewegungstherapie mit Massage
X6213;X6213;Einzelgymnastik
X6214;X6214;Bewegungsübungen im 32 Grad warmen Meerwasser
X6301;X6301;Atemgymnastik/Atementspannungsgymnastik
X6302;X6302;Bewegungstherapie in Heilwasser (auch Meerwasser) bis 3 Personen
X6303;X6303;Bewegungstherapie in Heilwasser (auch Meerwasser) 4-9 Personen
X6304;X6304;Bewegungstherapie in Heilwasser (auch Meerwasser) 10-20 Personen
X6305;X6305;Heilgymnastik 3-8 Personen
X6306;X6306;Atemgymnastik bis 5 Personen
X6307;X6307;Bewegungsübungen im Thermalbewegungsbad
X6308;X6308;Bewegungsübungen im Thermalbad
X6309;X6309;Bewegungstherapie 10-20 Personen
X6310;X6310;Körpertraining einschl. Schwimmen in Heilwasser (auch Meerwasser)
X6311;X6311;Ergometertraining einschl. Schwimmen in Heilwasser (auch Meerwasser)
X6312;X6312;Ergometertraining
X6313;X6313;Kombinierte Gymnastik (trocken/Heilwasser)
X6314;X6314;Krankengymnastik im Bewegungsbad Meerwasser
X6401;X6401;Perl'sche Anwendung
X6402;X6402;Unterwasserextension
X6403;X6403;Kuhlmann Extirator
X6404;X6404;Unterwasserextension mit Unterwassermassage
X6405;X6405;Unterwasserextension mit Stangerbad
X6406;X6406;Unterwasserextension mit Ruhe
X6501;X6501;Elektrogymnastik
X6502;X6502;Mikrowelle
X6503;X6503;niederfrequente Ströme
X6504;X6504;hochfrequente Ströme
X6505;X6505;Schwellstrom
X6506;X6506;hydroelektrisches Vollbad mit Heilwasser
X6507;X6507;hydroelektrisches Vollbad mit Heilwasser einschl. Ruhe
X6508;X6508;hydroelektrisches Teilbad mit Heilwasser
X6509;X6509;Reizstrom
X6510;X6510;Interferenzstrom
X6511;X6511;Iontophorese der Augen mit Heilwasser
X6512;X6512;Iontophorese
X6513;X6513;hydroelektrisches Vollbad mit Massage
X6601;X6601;Moorkrabbel-Bad
X6602;X6602;Moortreten
X6603;X6603;Kneten mit natürlichen Peloiden/Sand
X6604;X6604;Packungen mit natürlichen Peloiden
X6605;X6605;Packungen mit Naturschlick, Einmalpackung
X6606;X6606;Wärmeanwendung bei einem oder mehreren Körperteilen (Heißluft, Infrarot, Sollux)
X6607;X6607;Kryotherapie in Kombination mit anderen Leistungen
X6608;X6608;Große Wickel mit und ohne Zusatz (Kurz-, Unter- und Ganzwickel, Schal, Unter- und Oberaufschläger, Spanischer Mantel)
X6609;X6609;Mittlere Wickel einzeln, mit und ohne Zusatz (Waden-, Bein-, Lenden- und Brustwickel oder Auflagen)
X6610;X6610;Kleine Wickel einzeln, auch Herzkompressen
X6611;X6611;Schrothkurpackung
X6612;X6612;Lehmpflaster groß
X6613;X6613;Kaltlufttherapie
X6614;X6614;Eisbehandlung bei einem oder mehreren Körperteilen (auch in Kombination mit anderen Leistungen)
X6615;X6615;Sole-Eispackung/Eishandtuch
X6616;X6616;Kräuterdämpfe
X6617;X6617;Sandbad
X6618;X6618;Naturfango-Normalpackung mit Thermalwannenbad
X6619;X6619;Warmpackungen mit natürlichen Peloiden (Ganzpackungen)
X6620;X6620;Warmpackungen mit natürlichen Peloiden (Großpackungen)
X6621;X6621;Warmpackungen mit natürlichen Peloiden und Massage
X6622;X6622;Sandwärmebank
X6623;X6623;Naturmoor-Packung mit Zusatz
X6624;X6624;Heublumensack (Großanwendung)
X6625;X6625;Moorsitzbad
X6626;X6626;Moor-Handbad
X6627;X6627;Naturmoor-Packung 50 Grad Celsius
X6628;X6628;Naturmoor-Packung 25 Grad Celsius
X6629;X6629;Naturmoor-Packung 30 Grad Celsius
X6630;X6630;Heißluft mit Massage
X6631;X6631;Fango mit Massage
X6632;X6632;Heißluft
X6633;X6633;Teilbad (natürlichen Peloiden)
X6634;X6634;Halbbad (natürlichen Peloiden)
X6635;X6635;Vollbad (natürlichen Peloiden)
X6636;X6636;Warmpackung Kreide (Großbehandlung)
X6637;X6637;Warmpackung Kreide (Teilbehandlung)
X6638;X6638;Kreidebad
X6639;X6639;Kaltpackung Kreide
X6640;X6640;Kreide-Kaltkompresse
X6701;X6701;große Therapie
X6702;X6702;kleine Therapie
X6703;X6703;Kneipp´sche Voll-, Dreiviertel- und Halbbäder mit Zusatz
X6704;X6704;Arm- oder Fußbad im Wechsel
X6705;X6705;Arm- oder Fußbad im Wechsel mit Zusatz
X6706;X6706;Ansteigendes Sitz- oder Halbbad
X6707;X6707;Waschungen
X6708;X6708;Sitzbad mit Zusatz
X6709;X6709;Bürstenmassagebad mit Zusatz
X6710;X6710;Wechselteilblitz
X6711;X6711;Wechselvollblitz
X6712;X6712;Schottische Wechseldusche
X6713;X6713;Trockenbürsten
X6714;X6714;Blitzgußbad
X6715;X6715;Ansteigendes Arm- oder Fußbad
X6716;X6716;Ansteigendes Arm- oder Fußbad mit Zusatz
X6717;X6717;Arm- oder Fußbad, kalt
X6718;X6718;Arm- oder Fußbad, warm
X6719;X6719;Kneipp-Tretbad (Wassertreten)
X6720;X6720;Kneipp-Behandlung
X6721;X6721;Dampfkastenbad
X6722;X6722;Saunabad
X6723;X6723;Teildampfbad
X6724;X6724;Sole-Hydrotherapie (einzeln)
X6725;X6725;Sole-Hydrotherapie (Gruppe)
X6801;X6801;Thermal-Wannenbad mit Kohlensäure
X6802;X6802;Thermal-Mineralbad ohne Zusatz
X6803;X6803;Thermal-Mineralbad mit Zusatz
X6804;X6804;Thermal-Mineralgasbad
X6805;X6805;Thermal-Kohlensäure-Trockengasbad
X6806;X6806;Thermal-Wannenbad
X6807;X6807;Thermal-Wannenbad mit Zusatz
X6808;X6808;Thermal-Wannenbad mit Fango
X6809;X6809;Thermal-Sprudelwannenbad
X6810;X6810;Thermal-Teilbad
X6811;X6811;Thermal-Quellgasbad
X6812;X6812;Thermal, Schwefel, Sole Bad
X6813;X6813;Mineralwannenbad mit Zusatz und Ruhe
X6814;X6814;Mineral-Teilbad mit Zusatz
X6815;X6815;Mineral-Teilbad nach Hauff
X6816;X6816;Mineral-Teilbad nach Hauff Solebad für Kinder
X6817;X6817;Solebad einschl. Ruhe
X6818;X6818;Solebad einschl. Zusatz und Ruhe
X6819;X6819;Solebad mit Zusatz (z. B. Baldrian, Haferstroh, Kalmuswurzel usw.)
X6820;X6820;Sole-Perlsprudelbad
X6821;X6821;Sole-Perlsprudelbad mit Zusatz und Ruhe
X6822;X6822;Sole-Halbbad bzw. Sitzbad ohne Zusatz
X6823;X6823;Sole-Halbbad bzw. Sitzbad mit Zusatz
X6824;X6824;Sole-Kohlensäure-Fichtennadelbad
X6825;X6825;Solemar offene Badekur
X6826;X6826;Solemar Einzelanwendungen
X6827;X6827;Jod-Sole-Wannenbad
X6828;X6828;Jod-Sole-Bürstenbad
X6829;X6829;Jod-Sole Wannenbad mit Zusatz
X6830;X6830;Jod-Sole Bürstenbad mit Zusatz
X6831;X6831;Jod, Schwefel, Sole Teilbad
X6832;X6832;Jod, Schwefel, Sole Sitzbad
X6833;X6833;Jod, Schwefel, Sole Vollbad mit Zusatz
X6834;X6834;Meerwasserbad ohne Zusatz
X6835;X6835;Meerwasserbad mit Zusatz
X6836;X6836;Meerwasserbad mit CO-2, Luft oder Sauerstoff
X6837;X6837;Meerwasserwarmbad
X6838;X6838;Süßwasserbad (Fichtennadel, Moorextrakt, Schwefel, Kamille, Balnacid, Heublumen, Brombaldrian usw.)
X6839;X6839;Schlickbäde
X6840;X6840;Süßwasserbad mit Kräuterextrakt
X6841;X6841;Süßwasserbad mit Kohlensäure
X6842;X6842;Süßwasserbad mit Sauerstoff
X6843;X6843;Süßwasserbad mit Sauerstoff und Fichtennadel
X6844;X6844;Süßwasserbad mit Kohlensäure und Fichtennadel
X6845;X6845;Süßwasserbad mit Salicyl-Moor, Schwefel, Moor o. ä. Zusätzen
X6846;X6846;Süßwasserbad/Mineralbad mit verordnetem Arzneimittelzusatz und Ruhe
X6847;X6847;Kohlensäure-Mischbad
X6848;X6848;Kohlensäure-Thermal-Sitzbad mit Zusatz
X6849;X6849;Kohlensäure-Thermal-Sitzbad ohne Zusatz
X6850;X6850;Kohlensäure-Thermal-Teilbad
X6851;X6851;Kohlensäure-Thermalbad
X6852;X6852;Kohlensäure-Thermalbad mit Zusatz
X6853;X6853;Kohlensäure-Thermalbad mit Durchströmung
X6854;X6854;Kohlensäurebad mit Zusatz
X6855;X6855;Trockengasbäder
X6856;X6856;Gewölbebad
X6857;X6857;Ungarisches Gewichtsbad
X6858;X6858;Neurodermitis- oder Psoriasisbehandlung (Solebad und UVA/B-Bestrahlung)
X6859;X6859;Fichtennadelextraktbad
X6860;X6860;Luftperlbad ohne Zusatz/Sprudelstrombad
X6861;X6861;Luftperlbad mit Zusatz
X6862;X6862;Bürstenbad
X6863;X6863;Eichenrindenbad
X6864;X6864;Haferstrohbad
X6865;X6865;Weizenkleiebad
X6866;X6866;Zinnkrautbad
X6867;X6867;Eisteilbad
X6868;X6868;Sauerstoffbad mit Zusatz
X6869;X6869;Rubrimentbad
X6870;X6870;Kamillensitzbad
X6871;X6871;Radonbad
X6872;X6872;Mutterlauge (1 Liter)
X6873;X6873;Lehmvollbad
X6874;X6874;Lehmstampfbad
X6875;X6875;Sitzreibebad
X6876;X6876;Ozonbad
X6877;X6877;Thermalquellsprudelbad
X6878;X6878;Naturmoor Vollbad mit Zusatz
X6879;X6879;Naturmoor Arm-/Fußbad mit Zusatz
X6880;X6880;Solebad und UVA/B Punktbestrahlung (Neurodermitis- oder Psoriasis-behandlung)
X6881;X6881;Dampfbad (z.B. mit Kohlensäure)
X6882;X6882;Dampfdusche (z.B. mit Kohlensäure)
X6883;X6883;Quellenbad
X6884;X6884;Sauerstoffbad mit Massage
X6885;X6885;Kohlensäurebad mit Krankengymnastik
X6886;X6886;Kohlensäurebad mit Massage
X6887;X6887;Vierzellenbad z.B. mit Sole (auch mit Heilwasser oder Meerwasser)
X6888;X6888;Halbbad
X7001;X7001;Nasen-/Rachen-/Munddusche mit Zusatz
X7002;X7002;Nasen-/Rachen-/Munddusche mit Zusatz und Medikamentenzusatz
X7003;X7003;Sole/Meerwasserinhalation Mund-, Nasen- Augendusche
X7004;X7004;Sole/Meerwasser-Einzelinhalation mit Zusatz
X7005;X7005;Sole/Meerwasser-Rauminhalation
X7006;X7006;Sole/Meerwasser-Einzelinhalation
X7007;X7007;Sole/Meerwasser-Rauminhalation mit Zusatz
X7008;X7008;Aerosol-Inhalation
X7009;X7009;Apparate- oder Einzelinhalation
X7010;X7010;Apparate- oder Einzelinhalation mit Medikamenten und Extrakten
X7011;X7011;Rauminhalation in der Gruppe mit Mineralwasser und Zusatz
X7012;X7012;Rauminhalation Sole und Medikamente (Einzelkabine
X7013;X7013;Ultraschall Rauminhalation
X7014;X7014;Ultraschall (Einzelkabine)
X7015;X7015;Inhalation am Einzelapparat mit Medikamentenzusatz
X7016;X7016;Inhalation am Einzelapparat mit Vibration
X7017;X7017;Aerosolvernebelung mit selbstgestelltem Medikament
X7018;X7018;Aerosolvernebelung mit Medikament und Verordnung
X7019;X7019;Sauerstoff-Medikament-Vernebler
X7020;X7020;Behandlung mit Überdruckbeatmungsgerät (IPPB)
X7021;X7021;Inhalationszusätze
X7022;X7022;Radon-Stollen
X7023;X7023;Spezialinhalation
X7024;X7024;Radonemanation
X7025;X7025;Höhlentherapie
X7026;X7026;Radon-Stollen (Zusatzpostion)
X7027;X7027;Radon-Stollen (Zusatzpostion)
X7028;X7028;Radon-Stollen (Zusatzpostion)
X7029;X7029;Radon-Stollen (Zusatzpostion)
X7101;X7101;Photo-Therapie
X7102;X7102;Schwefel-Photo-Therapie
X7103;X7103;Sole-Photo-Therapie
X7104;X7104;Sole-Spülung
X7105;X7105;Jod-Sole Sprühbehandlung am Auge
X7106;X7106;Photo-Therapie (Punktbestrahlung)
X7107;X7107;Photo-Therapie (Teilbehandlung)
X7108;X7108;Photo-Therapie (Medikament)
X7109;X7109;Heilschlamm/Heilerde
X7110;X7110;cortisonfreie Kopfbehandlung
X7111;X7111;Licht-Öl-Bad (unter ärztl. Leitung)
X7112;X7112;Photo-Chemotherapie
X7113;X7113;Vaginale Moortherapie
X7114;X7114;Solebad zur Phototherapie
X7115;X7115;Arm- oder Fußbad mit Sole zur Phototherapie
X7116;X7116;Hirnleistungstraining Gruppe (bis 4 Patienten)
X7117;X7117;Hirnleistungstraining Gruppe (bis 6 Patienten)
X7118;X7118;Lauftherapie/Gefäßtraining
X7119;X7119;Bewegungsheilbad als kontrollierte Selbstbehandlung für Schwerbehinderte
X7120;X7120;UV-Bestrahlung
X7201;X7201;Schwangerschaftsgymnastik
X7202;X7202;Gehübungen
X7203;X7203;Kurgymnastik Gruppe
X7204;X7204;Trinkkur (nur im Rahmen genehmigter Badekuren)
X7205;X7205;Badezusätze
X7206;X7206;Blutegelbehandlung
X7207;X7207;Trinkkur (10er Karte)
X7208;X7208;Trinkkur (25er Karte)
X7209;X7209;Trinkkur (25er Karte)
X7210;X7210;Zusatzposition für weitere Packungen mit natürl. Peloiden
X7211;X7211;Trink- und Gurgelkur komplett
X7212;X7212;Leihgebühr für Schutzmantel
X7213;X7213;Spuckflasche
X7214;X7214;Sauerstoff-Lieferung
X7215;X7215;Rheumagruppe (Krankenkassenanteil)
X7216;X7216;Dusche
X7217;X7217;Schwimmen im Bewegungsbad
X7218;X7218;Klimatherapie
X7219;X7219;Befunde und ähnliches
X7220;X7220;Zuschlag für Behindertenkabine
X7221;X7221;Analyse/Diagnostik im Bewegungslabor
X7222;X7222;Begleitkarte (nur auf ärztl Anweisung)
X7223;X7223;Tinitus (Ohrgeräuschbewältigungstraining)
X7301;X7301;Zusatz 1
X7302;X7302;Zusatz 2
X7303;X7303;Zusatz 3
X7304;X7304;Zusatz 4
X8001;X8001;Hornhautabtragung
X8002;X8002;Nagelbearbeitung
X8003;X8003;Podologische Komplexbehandlung
X8004;X8004;Hornhautabtragung an einem Fuß
X8005;X8005;Nagelbearbeitung an einem Fuß
X8006;X8006;Podologische Komplexbehandlung an einem Fuß
X8010;X8010;Podologische Behandlung (klein)
X8020;X8020;Podologische Behandlung (groß)
X8030;X8030;Podologische Befunderhebung
X8100;X8100;Erstbefundung
X8210;X8210;Anpassung einteilige unilaterale und bilaterale Nagelkorrekturspange z. B. Ross Fraser
X8220;X8220;Fertigung einteilige unilaterale und bilaterale Nagelkorrekturspange z. B. Ross Fraser
X8230;X8230;Nachregulierung der einteiligen unilateralen und bilateralen Nagelkorrekturspange z. B. Ross Fraser
X8300;X8300;Vorbereitung des Nagels, Anpassung und Aufsetzen einer mehrteiligen bilateralen Nagelkorrekturspange
X8400;X8400;Vorbereitung des Nagels, Anpassung und Aufsetzen einer einteiligen Kunststoff- oder Metall-Nagelkorrekturspange
X8510;X8510;indikationsspezifische Kontrolle auf Sitz- und Passgenauigkeit
X8520;X8520;Behandlungsabschluss / Entfernung der Nagelkorrekturspange
X9701;X9701;Übermittlungsgebühr
X9801;X9801;Med. Fußpflege (Orthonoxy)
X9901;X9901;Hausbesuch
X9902;X9902;Hausbesuch mehrerer Patienten (z.B. in einer Einrichtung/Gemeinschaft)
X9903;X9903;Hausbesuch bis 3 km
X9904;X9904;Hausbesuch bis 10 km
X9905;X9905;Hausbesuch ab 11 km
X9906;X9906;Wegegeldpauschale
X9907;X9907;Wegegeld je Kilometer
X9908;X9908;Wegegeld je Doppelkilometer
X9909;X9909;Wegegeld pausch. in geschl. Ortschaften
X9910;X9910;Wegegeld je Kilometer bei Überschreiten der Ortsgrenze
X9911;X9911;Wegegeld pausch. bis 15 km
X9912;X9912;Öffentliche Verkehrsmittel
X9913;X9913;Hausbesuch eines Patienten (z. B. in einer Einrichtung/Gemeinschaft)
X9914;X9914;Hausbesuch (für mobile Krankengymnasten)
X9915;X9915;Hausbesuch eines weiteren Patienten
X9916;X9916;Hausbesuch (KG)
X9917;X9917;Hausbesuch eines weiteren Patienten (KG)
X9918;X9918;Hausbesuch (Sprachtherapie)
X9919;X9919;Hausbesuch eines weiteren Patienten (Sprachtherapie)
X9920;X9920;Hausbesuch (Ergotherapie)
X9921;X9921;Hausbesuch eines weiteren Patienten (Ergotherapie)
X9923;X9923;Wegegeld pausch. in geschl. Ortschaften (KG)
X9924;X9924;Wegegeld pausch. bei Überschreitung der Ortschaft (KG)
X9925;X9925;Wegegeld je Kilometer (KG)
X9926;X9926;Wegegeld pausch. in geschl. Ortschaften (Sprachtherapie)
X9927;X9927;Wegegeld pausch. bei Überschreitung der Ortschaft (Sprachtherapie)
X9928;X9928;Wegegeld je Kilometer (Sprachtherapie)
X9929;X9929;Wegegeld pausch. in geschl. Ortschaften (Ergotherapie)
X9930;X9930;Wegegeld pausch. bei Überschreitung der Ortschaft (Ergotherapie)
X9931;X9931;Wegegeld je Kilometer (Ergotherapie)
X9922;X9922;UNBESETZT
X9932;X9932;Hausbesuchspauschale bei Beratung zur Integration in das häusliche und soziale
X9933;X9933;Hausbesuch inclusive Wegegeld (Einsatzpauschale)
X9934;X9934;Hausbesuch mehrerer Patienten (z.B. in einer Einrichtung/Gemeinschaft) inclusive Wegegeld (Einsatzpauschale)
X9935;X9935;Hausbesuch inclusive Wegegeld (Einsatzpauschale
X9936;X9936;Hausbesuch mehrerer Patienten (z.B. in einer Einrichtung/Gemeinschaft) inclusive Wegegeld (Einsatzpauschale
X9937;X9937;Hausbesuch (Ernährungstherapie)
X9938;X9938;Hausbesuch eines weiteren Patienten (Ernährungstherapie)
X9939;X9939;Wegegeld pausch. in geschl. Ortschaften (Ernährungstherapie)
X9940;X9940;Wegegeld pausch. bei Überschreitung der Ortschaft (Ernährungstherapie)
X9941;X9941;Wegegeld je Kilometer (Ernährungstherapie)
X9942;X9942;Hausbesuch im Rahmen der Einzelbehandlung im häuslichen oder sozialen Umfeld (Ernährungstherapie)
X9943;X9943;Wegegeld je Kilometer im Rahmen der Einzelbehandlung im häuslichen oder sozialen Umfeld (Ernährungstherapie)
X5001;X5001;Ernährungstherapeutische Anamnese (30 Minuten Einheit)
X5002;X5002;Ernährungstherapeutische Anamnese (15 Minuten Einheit)
X5003;X5003;Einzelbehandlung (30 Minuten Einheit)
X5004;X5004;Einzelbehandlung (15 Minuten Einheit)
X5005;X5005;Einzelbehandlung im häuslichen oder sozialen Umfeld (bis zu 4x je Jahr sind bis zu 4x 30 Minuten je Verordnung abrechnungsfähig)
X5006;X5006;Gruppenbehandlung (30 Minuten Einheit)
X5007;X5007;Gruppenbehandlung (15 Minuten Einheit)
X5008;X5008;Berechnung und Auswertung von Ernährungsprotokollen und Entwicklung ent- sprechender individueller Empfehlungen
X5009;X5009;Notwendige Abstimmung der Therapie mit einer dritten Partei
X5021;X5021;Ernährungstherapeutische Anamnese per Videoübertragung gemäß § 7a Abs. 6 (Regelleistungszeit 60 Minuten, davon mind. 30 Minuten mit dem Patienten)
X5022;X5022;Ernährungstherapeutische Anamnese per Videoübertragung gemäß § 7a Abs. 6 (Regelleistungszeit 30 Minuten, davon mind. 15 Minuten mit dem Patienten)
X5023;X5023;Ernährungstherapeutische Intervention - Einzelbehandlung per Videoübertragung gemäß § 7a Abs. 6 (Regelleistungszeit 60 Minuten, davon mind. 30 Minuten mit dem Patienten)
X5024;X5024;Ernährungstherapeutische Intervention - Einzelbehandlung per Videoübertragung gemäß § 7a Abs. 6 (Regelleistungszeit 30 Minuten, davon mind. 15 Minuten mit dem Patienten)
X5025;X5025;Ernährungstherapeutische Intervention - Einzelbehandlung im häuslichen o. sozialen Umfeld per Videoübertragung gemäß § 7a Abs. 6 (Regelleistungszeit 60 Minuten, davon mind. 30 Minuten mit dem Patienten
X5026;X5026;Ernährungstherapeutische Intervention – Gruppenbehandlung per Videoübertragung gemäß § 7a Abs. 6 (Regelleistungszeit 60 Minuten, davon mind. 30 Minuten mit dem Patienten)
X5027;X5027;Ernährungstherapeutische Intervention – Gruppenbehandlung per Videoübertragung gemäß § 7a Abs. 6 (Regelleistungszeit 30 Minuten, davon mind. 15 Minuten mit dem Patienten)
X5031;X5031;Ernährungstherapeutische Anamnese als telefonische Beratung gemäß § 7a Abs. 6 (Regelleistungszeit 60 Minuten, davon einmalig max. 30 Minuten mit dem Patienten)
X5032;X5032;Ernährungstherapeutische Anamnese als telefonische Beratung gemäß § 7a Abs. 6 (Regelleistungszeit 30 Minuten, davon einmalig mind. 15 Minuten bis max. 30 Minuten mit dem Patienten)
X5033;X5033;Ernährungstherapeutische Intervention - Einzelbehandlung als telefonische Beratung gemäß § 7a Abs. 6 (Regelleistungszeit 60 Minuten, davon einmalig max. 30 Minuten mit dem Patienten)
X5034;X5034;Ernährungstherapeutische Intervention - Einzelbehandlung als telefonische Beratung gemäß § 7a Abs. 6 (Regelleistungszeit 30 Minuten, davon einmalig mind. 15 Minuten und max. 30 Minuten mit dem Patienten)
X5035;X5035;Ernährungstherapeutische Intervention - Einzelbehandlung im häuslichen o. sozialen Umfeld als telefonische Beratung gemäß § 7a Abs. 6 (Regelleistungszeit 60 Minuten, davon einmalig max. 30 Minuten mit dem Patienten
X5036;X5036;Ernährungstherapeutische Intervention – Gruppenbehandlung als telefonische Beratung gemäß § 7a Abs. 6 (Regelleistungszeit 60 Minuten, davon einmalig max. 30 Minuten mit dem Patienten) als telefonische Beratung
X5037;X5037;Ernährungstherapeutische Intervention – Gruppenbehandlung als telefonische Beratung gemäß § 7a Abs. 6 (Regelleistungszeit 30 Minuten, davon einmalig mind. 15 Minuten und max. 30 Minuten mit dem Patienten)
X9944;X9944;Hygienemaßnahmen Corona (abrechenbar ab Inkrafttreten bis zum Datum der in der bis 31.03.2021 geltenden COVID-19-VSt- SchutzVO bzw. der ab 01.04.2021 geltenden HygPV festgelegten Frist)
